{
  "sections": [
    {
      "id": "c0c83551-63a5-4419-9a0e-9d88e8adcaba",
      "title": "[Modeling and Simulation in Python]",
      "files": [],
      "layout": "",
      "path": [],
      "type": "markdown",
      "content-file": ".guides/content/Modeling-and-Simulation-in-Python-c0c8.md",
      "chapter": false,
      "reset": [],
      "teacherOnly": false,
      "learningObjectives": ""
    },
    {
      "id": "7c1d5a70-9e34-4720-a4ee-48a7dd2b1602",
      "title": "Chapter 0  Preface",
      "files": [],
      "layout": "",
      "path": [],
      "type": "markdown",
      "content-file": ".guides/content/Chapter 0  Preface-7c1d.md",
      "chapter": false,
      "reset": [],
      "teacherOnly": false,
      "learningObjectives": ""
    },
    {
      "id": "9bdc5110-07b2-4971-992c-d0387c611783",
      "title": "0.1  Can modeling be taught?",
      "files": [],
      "layout": "",
      "path": [],
      "type": "markdown",
      "content-file": ".guides/content/01  Can-modeling-be-taught-9bdc.md",
      "chapter": false,
      "reset": [],
      "teacherOnly": false,
      "learningObjectives": ""
    },
    {
      "id": "e27e2eeb-dae9-4fe3-9891-1d9aaffe0fea",
      "title": "0.2  How much programming do I need?",
      "files": [],
      "layout": "",
      "path": [],
      "type": "markdown",
      "content-file": ".guides/content/02  How-much-programming-do-I-need-e27e.md",
      "chapter": false,
      "reset": [],
      "teacherOnly": false,
      "learningObjectives": ""
    },
    {
      "id": "589db697-45c7-4159-a6bf-5ee2750eba6a",
      "title": "0.3  How much math and science do I need?",
      "files": [],
      "layout": "",
      "path": [],
      "type": "markdown",
      "content-file": ".guides/content/03  How-much-math-and-science-do-I-need-589d.md",
      "chapter": false,
      "reset": [],
      "teacherOnly": false,
      "learningObjectives": ""
    },
    {
      "id": "de1563e2-43d3-45d9-86b0-1604db3819ea",
      "title": "0.4  Getting started",
      "files": [],
      "layout": "",
      "path": [],
      "type": "markdown",
      "content-file": ".guides/content/04  Getting-started-de15.md",
      "chapter": false,
      "reset": [],
      "teacherOnly": false,
      "learningObjectives": ""
    },
    {
      "id": "32ea1638-d4ff-4c79-a16f-05c979193df2",
      "title": "0.5  Installing Python",
      "files": [],
      "layout": "",
      "path": [],
      "type": "markdown",
      "content-file": ".guides/content/05  Installing-Python-32ea.md",
      "chapter": false,
      "reset": [],
      "teacherOnly": false,
      "learningObjectives": ""
    },
    {
      "id": "9f262bb1-22bb-425d-9615-b3971fa68569",
      "title": "0.6  Copying my files",
      "files": [],
      "layout": "",
      "path": [],
      "type": "markdown",
      "content-file": ".guides/content/06  Copying-my-files-9f26.md",
      "chapter": false,
      "reset": [],
      "teacherOnly": false,
      "learningObjectives": ""
    },
    {
      "id": "3ae58906-fa5c-43d9-bdd9-d2438461ba14",
      "title": "0.7  Running Jupyter",
      "files": [],
      "layout": "",
      "path": [],
      "type": "markdown",
      "content-file": ".guides/content/07  Running-Jupyter-3ae5.md",
      "chapter": false,
      "reset": [],
      "teacherOnly": false,
      "learningObjectives": ""
    },
    {
      "id": "ad025ed7-173e-4fb4-9ff8-0840792dc544",
      "title": "Contributor List",
      "files": [],
      "layout": "",
      "path": [],
      "type": "markdown",
      "content-file": ".guides/content/Contributor-List-ad02.md",
      "chapter": false,
      "reset": [],
      "teacherOnly": false,
      "learningObjectives": ""
    },
    {
      "id": "32a502bc-62d5-4278-8ae8-52da0315083d",
      "title": "",
      "files": [],
      "layout": "",
      "path": [],
      "type": "markdown",
      "content-file": ".guides/content/-32a5.md",
      "chapter": false,
      "reset": [],
      "teacherOnly": false,
      "learningObjectives": ""
    },
    {
      "id": "11b6627c-8f57-4c6b-91a1-565f5b9b01a5",
      "title": "Chapter 1  Modeling",
      "files": [],
      "layout": "",
      "path": [],
      "type": "markdown",
      "content-file": ".guides/content/Chapter 1  Modeling-11b6.md",
      "chapter": false,
      "reset": [],
      "teacherOnly": false,
      "learningObjectives": ""
    },
    {
      "id": "963af98c-f3a6-4f95-bdff-d1515f5c3460",
      "title": "1.1  The falling penny myth",
      "files": [],
      "layout": "",
      "path": [],
      "type": "markdown",
      "content-file": ".guides/content/11  The-falling-penny-myth-963a.md",
      "chapter": false,
      "reset": [],
      "teacherOnly": false,
      "learningObjectives": ""
    },
    {
      "id": "6d672a1b-76e6-4e77-ab50-e4679cebe43a",
      "title": "1.2  Computation",
      "files": [],
      "layout": "",
      "path": [],
      "type": "markdown",
      "content-file": ".guides/content/12  Computation-6d67.md",
      "chapter": false,
      "reset": [],
      "teacherOnly": false,
      "learningObjectives": ""
    },
    {
      "id": "e6efa2b5-86bd-42ba-95a0-059fa32e9c45",
      "title": "Chapter 2  Bike share",
      "files": [],
      "layout": "",
      "path": [],
      "type": "markdown",
      "content-file": ".guides/content/Chapter 2  Bike-share-e6ef.md",
      "chapter": false,
      "reset": [],
      "teacherOnly": false,
      "learningObjectives": ""
    },
    {
      "id": "2b2b888f-d41e-498e-9138-b408e2c1fbdc",
      "title": "2.1  Bikeshare",
      "files": [],
      "layout": "",
      "path": [],
      "type": "markdown",
      "content-file": ".guides/content/21  Bikeshare-2b2b.md",
      "chapter": false,
      "reset": [],
      "teacherOnly": false,
      "learningObjectives": ""
    },
    {
      "id": "7d585e2b-98a8-4ddf-9b3e-d2fe03b9cd27",
      "title": "2.2  Defining functions",
      "files": [],
      "layout": "",
      "path": [],
      "type": "markdown",
      "content-file": ".guides/content/22  Defining-functions-7d58.md",
      "chapter": false,
      "reset": [],
      "teacherOnly": false,
      "learningObjectives": ""
    },
    {
      "id": "96e54707-c607-4f4f-bdc6-03298825b32a",
      "title": "2.3  Print statements",
      "files": [],
      "layout": "",
      "path": [],
      "type": "markdown",
      "content-file": ".guides/content/23  Print-statements-96e5.md",
      "chapter": false,
      "reset": [],
      "teacherOnly": false,
      "learningObjectives": ""
    },
    {
      "id": "5a3be5ae-1a17-4b47-bf31-8551e05c1a13",
      "title": "2.4  If statements",
      "files": [],
      "layout": "",
      "path": [],
      "type": "markdown",
      "content-file": ".guides/content/24  If-statements-5a3b.md",
      "chapter": false,
      "reset": [],
      "teacherOnly": false,
      "learningObjectives": ""
    },
    {
      "id": "009c130b-f51e-4c7f-91b5-8ec112b6019a",
      "title": "2.5  Parameters",
      "files": [],
      "layout": "",
      "path": [],
      "type": "markdown",
      "content-file": ".guides/content/25  Parameters-009c.md",
      "chapter": false,
      "reset": [],
      "teacherOnly": false,
      "learningObjectives": ""
    },
    {
      "id": "0a8a61fa-74c5-4d44-a15c-f04aeadd8a46",
      "title": "2.6  For loops",
      "files": [],
      "layout": "",
      "path": [],
      "type": "markdown",
      "content-file": ".guides/content/26  For-loops-0a8a.md",
      "chapter": false,
      "reset": [],
      "teacherOnly": false,
      "learningObjectives": ""
    },
    {
      "id": "d81ceaca-a12c-4f34-b11a-4e52e9d46e9b",
      "title": "2.7  TimeSeries",
      "files": [],
      "layout": "",
      "path": [],
      "type": "markdown",
      "content-file": ".guides/content/27  TimeSeries-d81c.md",
      "chapter": false,
      "reset": [],
      "teacherOnly": false,
      "learningObjectives": ""
    },
    {
      "id": "cd41b0e1-c1d0-4807-aeb4-3bcec1475824",
      "title": "2.8  Plotting",
      "files": [],
      "layout": "",
      "path": [],
      "type": "markdown",
      "content-file": ".guides/content/28  Plotting-cd41.md",
      "chapter": false,
      "reset": [],
      "teacherOnly": false,
      "learningObjectives": ""
    },
    {
      "id": "fcd58978-d259-4bbe-9f0a-207987298ca3",
      "title": "Chapter 3  Iterative modeling",
      "files": [],
      "layout": "",
      "path": [],
      "type": "markdown",
      "content-file": ".guides/content/Chapter 3  Iterative-modeling-fcd5.md",
      "chapter": false,
      "reset": [],
      "teacherOnly": false,
      "learningObjectives": ""
    },
    {
      "id": "6ceaeab1-44cf-4415-825a-eea9ada0b86f",
      "title": "3.1  Iterative modeling",
      "files": [],
      "layout": "",
      "path": [],
      "type": "markdown",
      "content-file": ".guides/content/31  Iterative-modeling-6cea.md",
      "chapter": false,
      "reset": [],
      "teacherOnly": false,
      "learningObjectives": ""
    },
    {
      "id": "50cbff32-945a-4568-88bb-dd7060620f44",
      "title": "3.2  More than one State object",
      "files": [],
      "layout": "",
      "path": [],
      "type": "markdown",
      "content-file": ".guides/content/32  More-than-one-State-object-50cb.md",
      "chapter": false,
      "reset": [],
      "teacherOnly": false,
      "learningObjectives": ""
    },
    {
      "id": "b04665cf-50c1-42ac-968e-a8b46b14d8e8",
      "title": "3.3  Documentation",
      "files": [],
      "layout": "",
      "path": [],
      "type": "markdown",
      "content-file": ".guides/content/33  Documentation-b046.md",
      "chapter": false,
      "reset": [],
      "teacherOnly": false,
      "learningObjectives": ""
    },
    {
      "id": "4b377439-05d4-42d1-9b44-469f0efef47a",
      "title": "3.4  Negative bikes",
      "files": [],
      "layout": "",
      "path": [],
      "type": "markdown",
      "content-file": ".guides/content/34  Negative-bikes-4b37.md",
      "chapter": false,
      "reset": [],
      "teacherOnly": false,
      "learningObjectives": ""
    },
    {
      "id": "d3a4c6d3-ba84-495f-ba3a-5acae0e50eb2",
      "title": "3.5  Comparison operators",
      "files": [],
      "layout": "",
      "path": [],
      "type": "markdown",
      "content-file": ".guides/content/35  Comparison-operators-d3a4.md",
      "chapter": false,
      "reset": [],
      "teacherOnly": false,
      "learningObjectives": ""
    },
    {
      "id": "387f51ea-553e-4093-ba65-4987c9f0f509",
      "title": "3.6  Metrics",
      "files": [],
      "layout": "",
      "path": [],
      "type": "markdown",
      "content-file": ".guides/content/36  Metrics-387f.md",
      "chapter": false,
      "reset": [],
      "teacherOnly": false,
      "learningObjectives": ""
    },
    {
      "id": "26282b7b-1817-42df-828e-f0e2a1f96047",
      "title": "Chapter 4  Sweeping parameters",
      "files": [],
      "layout": "",
      "path": [],
      "type": "markdown",
      "content-file": ".guides/content/Chapter 4  Sweeping-parameters-2628.md",
      "chapter": false,
      "reset": [],
      "teacherOnly": false,
      "learningObjectives": ""
    },
    {
      "id": "3e54e1d0-a3c3-4838-a53d-d3e1e1c4b1c2",
      "title": "4.1  Functions that return values",
      "files": [],
      "layout": "",
      "path": [],
      "type": "markdown",
      "content-file": ".guides/content/41  Functions-that-return-values-3e54.md",
      "chapter": false,
      "reset": [],
      "teacherOnly": false,
      "learningObjectives": ""
    },
    {
      "id": "9a729f14-445c-4bca-bf38-9962f35c19af",
      "title": "4.2  Two kinds of parameters",
      "files": [],
      "layout": "",
      "path": [],
      "type": "markdown",
      "content-file": ".guides/content/42  Two-kinds-of-parameters-9a72.md",
      "chapter": false,
      "reset": [],
      "teacherOnly": false,
      "learningObjectives": ""
    },
    {
      "id": "fa34ef87-4bba-4b5e-b781-9e86cfff0177",
      "title": "4.3  Loops and arrays",
      "files": [],
      "layout": "",
      "path": [],
      "type": "markdown",
      "content-file": ".guides/content/43  Loops-and-arrays-fa34.md",
      "chapter": false,
      "reset": [],
      "teacherOnly": false,
      "learningObjectives": ""
    },
    {
      "id": "1b0bdee5-d362-4c32-acb3-e1f706b4d342",
      "title": "4.4  Sweeping parameters",
      "files": [],
      "layout": "",
      "path": [],
      "type": "markdown",
      "content-file": ".guides/content/44  Sweeping-parameters-1b0b.md",
      "chapter": false,
      "reset": [],
      "teacherOnly": false,
      "learningObjectives": ""
    },
    {
      "id": "135f7ace-3726-49dd-95bc-286b58152792",
      "title": "4.5  Incremental development",
      "files": [],
      "layout": "",
      "path": [],
      "type": "markdown",
      "content-file": ".guides/content/45  Incremental-development-135f.md",
      "chapter": false,
      "reset": [],
      "teacherOnly": false,
      "learningObjectives": ""
    },
    {
      "id": "18df6c8a-ceb7-4e68-b3ff-0442ff31e585",
      "title": "Chapter 5  World population",
      "files": [],
      "layout": "",
      "path": [],
      "type": "markdown",
      "content-file": ".guides/content/Chapter 5  World-population-18df.md",
      "chapter": false,
      "reset": [],
      "teacherOnly": false,
      "learningObjectives": ""
    },
    {
      "id": "13082b7b-63a5-46ff-b7f1-50dfc030de51",
      "title": "5.1  World Population Data",
      "files": [],
      "layout": "",
      "path": [],
      "type": "markdown",
      "content-file": ".guides/content/51  World-Population-Data-1308.md",
      "chapter": false,
      "reset": [],
      "teacherOnly": false,
      "learningObjectives": ""
    },
    {
      "id": "068b99f3-4998-4536-b808-37ce4cc4943e",
      "title": "5.2  Plotting",
      "files": [],
      "layout": "",
      "path": [],
      "type": "markdown",
      "content-file": ".guides/content/52  Plotting-068b.md",
      "chapter": false,
      "reset": [],
      "teacherOnly": false,
      "learningObjectives": ""
    },
    {
      "id": "fc160a95-a96c-4777-acab-4c191ca3073d",
      "title": "5.3  Constant growth model",
      "files": [],
      "layout": "",
      "path": [],
      "type": "markdown",
      "content-file": ".guides/content/53  Constant-growth-model-fc16.md",
      "chapter": false,
      "reset": [],
      "teacherOnly": false,
      "learningObjectives": ""
    },
    {
      "id": "900760be-3afa-400d-b5e1-0a397e6ad144",
      "title": "5.4  Simulation",
      "files": [],
      "layout": "",
      "path": [],
      "type": "markdown",
      "content-file": ".guides/content/54  Simulation-9007.md",
      "chapter": false,
      "reset": [],
      "teacherOnly": false,
      "learningObjectives": ""
    },
    {
      "id": "fb75d49f-eab7-4f5e-a320-4ebbff8e9dba",
      "title": "Chapter 6  Modeling growth",
      "files": [],
      "layout": "",
      "path": [],
      "type": "markdown",
      "content-file": ".guides/content/Chapter 6  Modeling-growth-fb75.md",
      "chapter": false,
      "reset": [],
      "teacherOnly": false,
      "learningObjectives": ""
    },
    {
      "id": "e88e4364-010d-4c73-83b4-2336dd079920",
      "title": "6.1  System objects",
      "files": [],
      "layout": "",
      "path": [],
      "type": "markdown",
      "content-file": ".guides/content/61  System-objects-e88e.md",
      "chapter": false,
      "reset": [],
      "teacherOnly": false,
      "learningObjectives": ""
    },
    {
      "id": "477b13c3-7ff3-491f-bd2c-7b78a29f3262",
      "title": "6.2  Proportional growth model",
      "files": [],
      "layout": "",
      "path": [],
      "type": "markdown",
      "content-file": ".guides/content/62  Proportional-growth-model-477b.md",
      "chapter": false,
      "reset": [],
      "teacherOnly": false,
      "learningObjectives": ""
    },
    {
      "id": "a2008247-be8d-49f6-bc67-8ac5f9ff0ef9",
      "title": "6.3  Factoring out the update function",
      "files": [],
      "layout": "",
      "path": [],
      "type": "markdown",
      "content-file": ".guides/content/63  Factoring-out-the-update-function-a200.md",
      "chapter": false,
      "reset": [],
      "teacherOnly": false,
      "learningObjectives": ""
    },
    {
      "id": "fb28a771-a899-4163-9284-e644e9bb56a2",
      "title": "6.4  Combining birth and death",
      "files": [],
      "layout": "",
      "path": [],
      "type": "markdown",
      "content-file": ".guides/content/64  Combining-birth-and-death-fb28.md",
      "chapter": false,
      "reset": [],
      "teacherOnly": false,
      "learningObjectives": ""
    },
    {
      "id": "cbfff716-37c9-40dd-a3d7-89c5f1c15e9a",
      "title": "Chapter 7  Quadratic growth",
      "files": [],
      "layout": "",
      "path": [],
      "type": "markdown",
      "content-file": ".guides/content/Chapter 7  Quadratic-growth-cbff.md",
      "chapter": false,
      "reset": [],
      "teacherOnly": false,
      "learningObjectives": ""
    },
    {
      "id": "b1395097-3eb9-4237-a9e7-904cdb3a4cba",
      "title": "7.1  Quadratic growth",
      "files": [],
      "layout": "",
      "path": [],
      "type": "markdown",
      "content-file": ".guides/content/71  Quadratic-growth-b139.md",
      "chapter": false,
      "reset": [],
      "teacherOnly": false,
      "learningObjectives": ""
    },
    {
      "id": "5094679e-dfb6-4777-bb96-c788926a4146",
      "title": "7.2  Equilibrium",
      "files": [],
      "layout": "",
      "path": [],
      "type": "markdown",
      "content-file": ".guides/content/72  Equilibrium-5094.md",
      "chapter": false,
      "reset": [],
      "teacherOnly": false,
      "learningObjectives": ""
    },
    {
      "id": "d29c4544-1cec-4029-88f6-2490c092067b",
      "title": "7.3  Dysfunctions",
      "files": [],
      "layout": "",
      "path": [],
      "type": "markdown",
      "content-file": ".guides/content/73  Dysfunctions-d29c.md",
      "chapter": false,
      "reset": [],
      "teacherOnly": false,
      "learningObjectives": ""
    },
    {
      "id": "305e3bc4-135a-4eb1-991f-bcb5268a6ed9",
      "title": "Chapter 8  Prediction",
      "files": [],
      "layout": "",
      "path": [],
      "type": "markdown",
      "content-file": ".guides/content/Chapter 8  Prediction-305e.md",
      "chapter": false,
      "reset": [],
      "teacherOnly": false,
      "learningObjectives": ""
    },
    {
      "id": "2020d94b-b3a3-46c2-bb6d-4d764bd06b77",
      "title": "8.1  Generating projections",
      "files": [],
      "layout": "",
      "path": [],
      "type": "markdown",
      "content-file": ".guides/content/81  Generating-projections-2020.md",
      "chapter": false,
      "reset": [],
      "teacherOnly": false,
      "learningObjectives": ""
    },
    {
      "id": "1a04c2a2-6923-4961-8e29-09ea4406902a",
      "title": "8.2  Comparing projections",
      "files": [],
      "layout": "",
      "path": [],
      "type": "markdown",
      "content-file": ".guides/content/82  Comparing-projections-1a04.md",
      "chapter": false,
      "reset": [],
      "teacherOnly": false,
      "learningObjectives": ""
    },
    {
      "id": "8d827163-4295-432f-a0b8-977da5972f2e",
      "title": "Chapter 9  Analysis",
      "files": [],
      "layout": "",
      "path": [],
      "type": "markdown",
      "content-file": ".guides/content/Chapter 9  Analysis-8d82.md",
      "chapter": false,
      "reset": [],
      "teacherOnly": false,
      "learningObjectives": ""
    },
    {
      "id": "87e58712-2ce3-4d9f-a0e2-8c372538fb39",
      "title": "9.1  Recurrence relations",
      "files": [],
      "layout": "",
      "path": [],
      "type": "markdown",
      "content-file": ".guides/content/91  Recurrence-relations-87e5.md",
      "chapter": false,
      "reset": [],
      "teacherOnly": false,
      "learningObjectives": ""
    },
    {
      "id": "1e486434-413d-4dbe-b75a-edb8a05156f8",
      "title": "9.2  Differential equations",
      "files": [],
      "layout": "",
      "path": [],
      "type": "markdown",
      "content-file": ".guides/content/92  Differential-equations-1e48.md",
      "chapter": false,
      "reset": [],
      "teacherOnly": false,
      "learningObjectives": ""
    },
    {
      "id": "d8cd02a3-f120-4c52-a352-0a7d223df1c8",
      "title": "9.3  Analysis and simulation",
      "files": [],
      "layout": "",
      "path": [],
      "type": "markdown",
      "content-file": ".guides/content/93  Analysis-and-simulation-d8cd.md",
      "chapter": false,
      "reset": [],
      "teacherOnly": false,
      "learningObjectives": ""
    },
    {
      "id": "0bab2060-c676-459c-82a3-8f0285c5b4bd",
      "title": "9.4  Analysis with WolframAlpha",
      "files": [],
      "layout": "",
      "path": [],
      "type": "markdown",
      "content-file": ".guides/content/94  Analysis-with-WolframAlpha-0bab.md",
      "chapter": false,
      "reset": [],
      "teacherOnly": false,
      "learningObjectives": ""
    },
    {
      "id": "9551bb43-b5da-4110-a018-0fb55c33f448",
      "title": "9.5  Analysis with SymPy",
      "files": [],
      "layout": "",
      "path": [],
      "type": "markdown",
      "content-file": ".guides/content/95  Analysis-with-SymPy-9551.md",
      "chapter": false,
      "reset": [],
      "teacherOnly": false,
      "learningObjectives": ""
    },
    {
      "id": "2f4e1aea-1f9f-477b-a587-670c99526bd6",
      "title": "9.6  Differential equations in SymPy",
      "files": [],
      "layout": "",
      "path": [],
      "type": "markdown",
      "content-file": ".guides/content/96  Differential-equations-in-SymPy-2f4e.md",
      "chapter": false,
      "reset": [],
      "teacherOnly": false,
      "learningObjectives": ""
    },
    {
      "id": "eb934be8-d29c-4c1c-a5a4-cc0b38a4f2e5",
      "title": "9.7  Solving the quadratic growth model",
      "files": [],
      "layout": "",
      "path": [],
      "type": "markdown",
      "content-file": ".guides/content/97  Solving-the-quadratic-growth-model-eb93.md",
      "chapter": false,
      "reset": [],
      "teacherOnly": false,
      "learningObjectives": ""
    },
    {
      "id": "0db4359a-fe9b-4df7-8aad-643ee9ca35b8",
      "title": "9.8  Summary",
      "files": [],
      "layout": "",
      "path": [],
      "type": "markdown",
      "content-file": ".guides/content/98  Summary-0db4.md",
      "chapter": false,
      "reset": [],
      "teacherOnly": false,
      "learningObjectives": ""
    },
    {
      "id": "682a11f6-99cb-4962-8c56-838d111d846a",
      "title": "",
      "files": [],
      "layout": "",
      "path": [],
      "type": "markdown",
      "content-file": ".guides/content/-682a.md",
      "chapter": false,
      "reset": [],
      "teacherOnly": false,
      "learningObjectives": ""
    },
    {
      "id": "e36b3056-80f2-4367-bcfb-d1a1a5fab846",
      "title": "Chapter 10  Case studies",
      "files": [],
      "layout": "",
      "path": [],
      "type": "markdown",
      "content-file": ".guides/content/Chapter 10  Case-studies-e36b.md",
      "chapter": false,
      "reset": [],
      "teacherOnly": false,
      "learningObjectives": ""
    },
    {
      "id": "e22da623-e86e-43bd-a481-f4d0d87671fa",
      "title": "10.1  Computational tools",
      "files": [],
      "layout": "",
      "path": [],
      "type": "markdown",
      "content-file": ".guides/content/101  Computational-tools-e22d.md",
      "chapter": false,
      "reset": [],
      "teacherOnly": false,
      "learningObjectives": ""
    },
    {
      "id": "7fbf8f86-23e8-4a8a-ac17-f903977cadff",
      "title": "10.2  Under the hood",
      "files": [],
      "layout": "",
      "path": [],
      "type": "markdown",
      "content-file": ".guides/content/102  Under-the-hood-7fbf.md",
      "chapter": false,
      "reset": [],
      "teacherOnly": false,
      "learningObjectives": ""
    },
    {
      "id": "da73aa28-5412-475b-846f-c0b50bb052b9",
      "title": "10.3  One queue or two?",
      "files": [],
      "layout": "",
      "path": [],
      "type": "markdown",
      "content-file": ".guides/content/103  One-queue-or-two-da73.md",
      "chapter": false,
      "reset": [],
      "teacherOnly": false,
      "learningObjectives": ""
    },
    {
      "id": "cf9f18cd-aa5e-4494-9333-2cb8d9f4a049",
      "title": "10.4  Predicting salmon populations",
      "files": [],
      "layout": "",
      "path": [],
      "type": "markdown",
      "content-file": ".guides/content/104  Predicting-salmon-populations-cf9f.md",
      "chapter": false,
      "reset": [],
      "teacherOnly": false,
      "learningObjectives": ""
    },
    {
      "id": "f1df2a30-50d2-40c9-a311-01829db21864",
      "title": "10.5  Tree growth",
      "files": [],
      "layout": "",
      "path": [],
      "type": "markdown",
      "content-file": ".guides/content/105  Tree-growth-f1df.md",
      "chapter": false,
      "reset": [],
      "teacherOnly": false,
      "learningObjectives": ""
    },
    {
      "id": "356c4e5d-84fb-4f02-a8ac-b9668cb539d8",
      "title": "Chapter 11  Epidemiology",
      "files": [],
      "layout": "",
      "path": [],
      "type": "markdown",
      "content-file": ".guides/content/Chapter 11  Epidemiology-356c.md",
      "chapter": false,
      "reset": [],
      "teacherOnly": false,
      "learningObjectives": ""
    },
    {
      "id": "28cd955a-e6e7-4264-94fe-7baa115e8d0b",
      "title": "11.1  The Freshman Plague",
      "files": [],
      "layout": "",
      "path": [],
      "type": "markdown",
      "content-file": ".guides/content/111  The-Freshman-Plague-28cd.md",
      "chapter": false,
      "reset": [],
      "teacherOnly": false,
      "learningObjectives": ""
    },
    {
      "id": "4591a9cb-1c41-487b-bce5-c0a69199ab92",
      "title": "11.2  The SIR model",
      "files": [],
      "layout": "",
      "path": [],
      "type": "markdown",
      "content-file": ".guides/content/112  The-SIR-model-4591.md",
      "chapter": false,
      "reset": [],
      "teacherOnly": false,
      "learningObjectives": ""
    },
    {
      "id": "1acaf497-521e-4b58-a232-47b9b7f214e4",
      "title": "11.3  The SIR equations",
      "files": [],
      "layout": "",
      "path": [],
      "type": "markdown",
      "content-file": ".guides/content/113  The-SIR-equations-1aca.md",
      "chapter": false,
      "reset": [],
      "teacherOnly": false,
      "learningObjectives": ""
    },
    {
      "id": "93c1627e-5a03-4bd8-9577-0a8dae4ab634",
      "title": "11.4  Implementation",
      "files": [],
      "layout": "",
      "path": [],
      "type": "markdown",
      "content-file": ".guides/content/114  Implementation-93c1.md",
      "chapter": false,
      "reset": [],
      "teacherOnly": false,
      "learningObjectives": ""
    },
    {
      "id": "c54e3c59-40ec-4e37-b6f9-db91bc33ec35",
      "title": "11.5  The update function",
      "files": [],
      "layout": "",
      "path": [],
      "type": "markdown",
      "content-file": ".guides/content/115  The-update-function-c54e.md",
      "chapter": false,
      "reset": [],
      "teacherOnly": false,
      "learningObjectives": ""
    },
    {
      "id": "541daa19-cfb7-4948-b268-7f53e1c2c1e6",
      "title": "11.6  Running the simulation",
      "files": [],
      "layout": "",
      "path": [],
      "type": "markdown",
      "content-file": ".guides/content/116  Running-the-simulation-541d.md",
      "chapter": false,
      "reset": [],
      "teacherOnly": false,
      "learningObjectives": ""
    },
    {
      "id": "c1818702-b671-4a5f-8a78-9bdf5a1e0f60",
      "title": "11.7  Collecting the results",
      "files": [],
      "layout": "",
      "path": [],
      "type": "markdown",
      "content-file": ".guides/content/117  Collecting-the-results-c181.md",
      "chapter": false,
      "reset": [],
      "teacherOnly": false,
      "learningObjectives": ""
    },
    {
      "id": "8b4d043c-7f35-4dd3-a4a1-06e2d402f3d8",
      "title": "11.8  Now with a TimeFrame",
      "files": [],
      "layout": "",
      "path": [],
      "type": "markdown",
      "content-file": ".guides/content/118  Now-with-a-TimeFrame-8b4d.md",
      "chapter": false,
      "reset": [],
      "teacherOnly": false,
      "learningObjectives": ""
    },
    {
      "id": "9973c6a5-010f-4697-85e6-26389788e3b1",
      "title": "",
      "files": [],
      "layout": "",
      "path": [],
      "type": "markdown",
      "content-file": ".guides/content/-9973.md",
      "chapter": false,
      "reset": [],
      "teacherOnly": false,
      "learningObjectives": ""
    },
    {
      "id": "8c7bb10d-df90-4c2a-b752-ba617bf51a0a",
      "title": "Chapter 12  Optimization",
      "files": [],
      "layout": "",
      "path": [],
      "type": "markdown",
      "content-file": ".guides/content/Chapter 12  Optimization-8c7b.md",
      "chapter": false,
      "reset": [],
      "teacherOnly": false,
      "learningObjectives": ""
    },
    {
      "id": "de15e747-52ba-4aa3-a53e-32bf64c15d41",
      "title": "12.1  Metrics",
      "files": [],
      "layout": "",
      "path": [],
      "type": "markdown",
      "content-file": ".guides/content/121  Metrics-de15.md",
      "chapter": false,
      "reset": [],
      "teacherOnly": false,
      "learningObjectives": ""
    },
    {
      "id": "0541dbc9-4220-40a5-b34a-1bfc3187c371",
      "title": "12.2  Immunization",
      "files": [],
      "layout": "",
      "path": [],
      "type": "markdown",
      "content-file": ".guides/content/122  Immunization-0541.md",
      "chapter": false,
      "reset": [],
      "teacherOnly": false,
      "learningObjectives": ""
    },
    {
      "id": "63c15242-d96e-42b5-afe1-a3850630bab1",
      "title": "12.3  Hand washing",
      "files": [],
      "layout": "",
      "path": [],
      "type": "markdown",
      "content-file": ".guides/content/123  Hand-washing-63c1.md",
      "chapter": false,
      "reset": [],
      "teacherOnly": false,
      "learningObjectives": ""
    },
    {
      "id": "1a653b77-8287-48ba-b85c-f5c45bdc036b",
      "title": "12.4  Optimization",
      "files": [],
      "layout": "",
      "path": [],
      "type": "markdown",
      "content-file": ".guides/content/124  Optimization-1a65.md",
      "chapter": false,
      "reset": [],
      "teacherOnly": false,
      "learningObjectives": ""
    },
    {
      "id": "6dc4608b-2f08-4e88-bcff-cef076d48a11",
      "title": "Chapter 13  Sweeping two parameters",
      "files": [],
      "layout": "",
      "path": [],
      "type": "markdown",
      "content-file": ".guides/content/Chapter 13  Sweeping-two-parameters-6dc4.md",
      "chapter": false,
      "reset": [],
      "teacherOnly": false,
      "learningObjectives": ""
    },
    {
      "id": "89740154-9b1a-4a21-8e95-eb5307527939",
      "title": "13.1  Unpack",
      "files": [],
      "layout": "",
      "path": [],
      "type": "markdown",
      "content-file": ".guides/content/131  Unpack-8974.md",
      "chapter": false,
      "reset": [],
      "teacherOnly": false,
      "learningObjectives": ""
    },
    {
      "id": "95754fb2-70c9-42aa-86c6-8215798a9486",
      "title": "13.2  Sweeping beta",
      "files": [],
      "layout": "",
      "path": [],
      "type": "markdown",
      "content-file": ".guides/content/132  Sweeping-beta-9575.md",
      "chapter": false,
      "reset": [],
      "teacherOnly": false,
      "learningObjectives": ""
    },
    {
      "id": "774e5870-b98b-4e84-8c06-b0f7bc3d12d7",
      "title": "13.3  Sweeping gamma",
      "files": [],
      "layout": "",
      "path": [],
      "type": "markdown",
      "content-file": ".guides/content/133  Sweeping-gamma-774e.md",
      "chapter": false,
      "reset": [],
      "teacherOnly": false,
      "learningObjectives": ""
    },
    {
      "id": "7886cf63-16fb-42fb-89e7-26736265a78b",
      "title": "Chapter 14  Analysis",
      "files": [],
      "layout": "",
      "path": [],
      "type": "markdown",
      "content-file": ".guides/content/Chapter 14  Analysis-7886.md",
      "chapter": false,
      "reset": [],
      "teacherOnly": false,
      "learningObjectives": ""
    },
    {
      "id": "80fe7aa1-5426-4398-9d2e-20756c94a0b2",
      "title": "14.1  Nondimensionalization",
      "files": [],
      "layout": "",
      "path": [],
      "type": "markdown",
      "content-file": ".guides/content/141  Nondimensionalization-80fe.md",
      "chapter": false,
      "reset": [],
      "teacherOnly": false,
      "learningObjectives": ""
    },
    {
      "id": "c3f1a958-fc05-4afc-a8fb-41fc48b8254c",
      "title": "14.2  Contact number",
      "files": [],
      "layout": "",
      "path": [],
      "type": "markdown",
      "content-file": ".guides/content/142  Contact-number-c3f1.md",
      "chapter": false,
      "reset": [],
      "teacherOnly": false,
      "learningObjectives": ""
    },
    {
      "id": "bee4dfbd-b281-4353-a3a3-478fb8325f2b",
      "title": "14.3  Analysis and simulation",
      "files": [],
      "layout": "",
      "path": [],
      "type": "markdown",
      "content-file": ".guides/content/143  Analysis-and-simulation-bee4.md",
      "chapter": false,
      "reset": [],
      "teacherOnly": false,
      "learningObjectives": ""
    },
    {
      "id": "8c4c161c-6956-4807-a16f-9b161874b476",
      "title": "Chapter 15  Heat",
      "files": [],
      "layout": "",
      "path": [],
      "type": "markdown",
      "content-file": ".guides/content/Chapter 15  Heat-8c4c.md",
      "chapter": false,
      "reset": [],
      "teacherOnly": false,
      "learningObjectives": ""
    },
    {
      "id": "5415afd9-6d23-43ab-9603-84a2e3858f72",
      "title": "15.1  The coffee cooling problem",
      "files": [],
      "layout": "",
      "path": [],
      "type": "markdown",
      "content-file": ".guides/content/151  The-coffee-cooling-problem-5415.md",
      "chapter": false,
      "reset": [],
      "teacherOnly": false,
      "learningObjectives": ""
    },
    {
      "id": "a2d0c349-3d22-4130-ad58-ff5a78003f3e",
      "title": "15.2  Temperature and heat",
      "files": [],
      "layout": "",
      "path": [],
      "type": "markdown",
      "content-file": ".guides/content/152  Temperature-and-heat-a2d0.md",
      "chapter": false,
      "reset": [],
      "teacherOnly": false,
      "learningObjectives": ""
    },
    {
      "id": "6b463998-1481-414e-a682-8972bb4c0fd8",
      "title": "15.3  Heat transfer",
      "files": [],
      "layout": "",
      "path": [],
      "type": "markdown",
      "content-file": ".guides/content/153  Heat-transfer-6b46.md",
      "chapter": false,
      "reset": [],
      "teacherOnly": false,
      "learningObjectives": ""
    },
    {
      "id": "08a4355e-98aa-4230-90bc-d201bf93310a",
      "title": "15.4  Newton's law of cooling",
      "files": [],
      "layout": "",
      "path": [],
      "type": "markdown",
      "content-file": ".guides/content/154  Newton's-law-of-cooling-08a4.md",
      "chapter": false,
      "reset": [],
      "teacherOnly": false,
      "learningObjectives": ""
    },
    {
      "id": "a088c223-a5d7-4505-8875-4ee99f6300ef",
      "title": "15.5  Implementation",
      "files": [],
      "layout": "",
      "path": [],
      "type": "markdown",
      "content-file": ".guides/content/155  Implementation-a088.md",
      "chapter": false,
      "reset": [],
      "teacherOnly": false,
      "learningObjectives": ""
    },
    {
      "id": "f3d96d8f-7731-4d18-bd85-edffc94a268e",
      "title": "",
      "files": [],
      "layout": "",
      "path": [],
      "type": "markdown",
      "content-file": ".guides/content/-f3d9.md",
      "chapter": false,
      "reset": [],
      "teacherOnly": false,
      "learningObjectives": ""
    },
    {
      "id": "ce680c8d-206b-4695-a439-fcb62c660193",
      "title": "Chapter 16  Mixing",
      "files": [],
      "layout": "",
      "path": [],
      "type": "markdown",
      "content-file": ".guides/content/Chapter 16  Mixing-ce68.md",
      "chapter": false,
      "reset": [],
      "teacherOnly": false,
      "learningObjectives": ""
    },
    {
      "id": "4270931d-709c-4319-b79b-d5c5badfc7c1",
      "title": "16.1  Using fsolve",
      "files": [],
      "layout": "",
      "path": [],
      "type": "markdown",
      "content-file": ".guides/content/161  Using-fsolve-4270.md",
      "chapter": false,
      "reset": [],
      "teacherOnly": false,
      "learningObjectives": ""
    },
    {
      "id": "ebe86ec3-20d5-468a-8dc6-4a43dc0ff171",
      "title": "16.2  Mixing liquids",
      "files": [],
      "layout": "",
      "path": [],
      "type": "markdown",
      "content-file": ".guides/content/162  Mixing-liquids-ebe8.md",
      "chapter": false,
      "reset": [],
      "teacherOnly": false,
      "learningObjectives": ""
    },
    {
      "id": "43c58412-8598-4bd0-afe6-40e9d4892ad0",
      "title": "16.3  Mix first or last?",
      "files": [],
      "layout": "",
      "path": [],
      "type": "markdown",
      "content-file": ".guides/content/163  Mix-first-or-last-43c5.md",
      "chapter": false,
      "reset": [],
      "teacherOnly": false,
      "learningObjectives": ""
    },
    {
      "id": "f00a8836-ed28-4a95-8fa1-95c3e6b3851b",
      "title": "16.4  Optimization",
      "files": [],
      "layout": "",
      "path": [],
      "type": "markdown",
      "content-file": ".guides/content/164  Optimization-f00a.md",
      "chapter": false,
      "reset": [],
      "teacherOnly": false,
      "learningObjectives": ""
    },
    {
      "id": "61664c46-1b8e-455b-b77d-fbfe6f8d0be3",
      "title": "16.5  Analysis",
      "files": [],
      "layout": "",
      "path": [],
      "type": "markdown",
      "content-file": ".guides/content/165  Analysis-6166.md",
      "chapter": false,
      "reset": [],
      "teacherOnly": false,
      "learningObjectives": ""
    },
    {
      "id": "f63a19c0-09e2-4885-a9bf-8ba2142bfacb",
      "title": "Chapter 17  Pharmacokinetics",
      "files": [],
      "layout": "",
      "path": [],
      "type": "markdown",
      "content-file": ".guides/content/Chapter 17  Pharmacokinetics-f63a.md",
      "chapter": false,
      "reset": [],
      "teacherOnly": false,
      "learningObjectives": ""
    },
    {
      "id": "f5aecb26-73f1-4b87-a74c-715fa1bb31ce",
      "title": "17.1  The glucose-insulin system",
      "files": [],
      "layout": "",
      "path": [],
      "type": "markdown",
      "content-file": ".guides/content/171  The-glucose-insulin-system-f5ae.md",
      "chapter": false,
      "reset": [],
      "teacherOnly": false,
      "learningObjectives": ""
    },
    {
      "id": "2c19198f-3a11-40df-ab19-5eefc788e27f",
      "title": "17.2  The glucose minimal model",
      "files": [],
      "layout": "",
      "path": [],
      "type": "markdown",
      "content-file": ".guides/content/172  The-glucose-minimal-model-2c19.md",
      "chapter": false,
      "reset": [],
      "teacherOnly": false,
      "learningObjectives": ""
    },
    {
      "id": "bce4cd89-7b70-4d82-a4ed-0df220d8c68b",
      "title": "17.3  Data",
      "files": [],
      "layout": "",
      "path": [],
      "type": "markdown",
      "content-file": ".guides/content/173  Data-bce4.md",
      "chapter": false,
      "reset": [],
      "teacherOnly": false,
      "learningObjectives": ""
    },
    {
      "id": "946ab009-7b5e-42ab-8f99-17603144b27d",
      "title": "17.4  Interpolation",
      "files": [],
      "layout": "",
      "path": [],
      "type": "markdown",
      "content-file": ".guides/content/174  Interpolation-946a.md",
      "chapter": false,
      "reset": [],
      "teacherOnly": false,
      "learningObjectives": ""
    },
    {
      "id": "0c95f659-0eb2-46b0-96cf-e04e2da12725",
      "title": "17.5  Implementation",
      "files": [],
      "layout": "",
      "path": [],
      "type": "markdown",
      "content-file": ".guides/content/175  Implementation-0c95.md",
      "chapter": false,
      "reset": [],
      "teacherOnly": false,
      "learningObjectives": ""
    },
    {
      "id": "c49bd19e-b2ac-4960-8993-002fbefc84fe",
      "title": "",
      "files": [],
      "layout": "",
      "path": [],
      "type": "markdown",
      "content-file": ".guides/content/-c49b.md",
      "chapter": false,
      "reset": [],
      "teacherOnly": false,
      "learningObjectives": ""
    },
    {
      "id": "17fa822e-c348-4e09-b664-3e7d87411157",
      "title": "Chapter 18  Numerical methods",
      "files": [],
      "layout": "",
      "path": [],
      "type": "markdown",
      "content-file": ".guides/content/Chapter 18  Numerical-methods-17fa.md",
      "chapter": false,
      "reset": [],
      "teacherOnly": false,
      "learningObjectives": ""
    },
    {
      "id": "16f64c61-1c80-42cf-881a-4efd2afc9606",
      "title": "18.1  Solving differential equations",
      "files": [],
      "layout": "",
      "path": [],
      "type": "markdown",
      "content-file": ".guides/content/181  Solving-differential-equations-16f6.md",
      "chapter": false,
      "reset": [],
      "teacherOnly": false,
      "learningObjectives": ""
    },
    {
      "id": "796d3c61-8815-4d69-8997-754d8699b7d8",
      "title": "18.2  Least squares",
      "files": [],
      "layout": "",
      "path": [],
      "type": "markdown",
      "content-file": ".guides/content/182  Least-squares-796d.md",
      "chapter": false,
      "reset": [],
      "teacherOnly": false,
      "learningObjectives": ""
    },
    {
      "id": "1ec6a7c0-ba68-4fa2-a9cf-bd113715f676",
      "title": "18.3  Interpreting parameters",
      "files": [],
      "layout": "",
      "path": [],
      "type": "markdown",
      "content-file": ".guides/content/183  Interpreting-parameters-1ec6.md",
      "chapter": false,
      "reset": [],
      "teacherOnly": false,
      "learningObjectives": ""
    },
    {
      "id": "0b75796f-636a-4530-9064-249cee059e5b",
      "title": "Chapter 19  Case studies",
      "files": [],
      "layout": "",
      "path": [],
      "type": "markdown",
      "content-file": ".guides/content/Chapter 19  Case-studies-0b75.md",
      "chapter": false,
      "reset": [],
      "teacherOnly": false,
      "learningObjectives": ""
    },
    {
      "id": "db70c737-b30b-4fa3-a0f7-307185ced913",
      "title": "19.1  Computational tools",
      "files": [],
      "layout": "",
      "path": [],
      "type": "markdown",
      "content-file": ".guides/content/191  Computational-tools-db70.md",
      "chapter": false,
      "reset": [],
      "teacherOnly": false,
      "learningObjectives": ""
    },
    {
      "id": "1670a807-6d25-4b61-a6aa-76861413ed38",
      "title": "19.2  Under the hood",
      "files": [],
      "layout": "",
      "path": [],
      "type": "markdown",
      "content-file": ".guides/content/192  Under-the-hood-1670.md",
      "chapter": false,
      "reset": [],
      "teacherOnly": false,
      "learningObjectives": ""
    },
    {
      "id": "494760eb-2f9a-4b17-93d3-29c7c4e49033",
      "title": "19.3  The insulin minimal model",
      "files": [],
      "layout": "",
      "path": [],
      "type": "markdown",
      "content-file": ".guides/content/193  The-insulin-minimal-model-4947.md",
      "chapter": false,
      "reset": [],
      "teacherOnly": false,
      "learningObjectives": ""
    },
    {
      "id": "d0aaa856-2848-416c-91c8-829f8aeae2a5",
      "title": "19.4  Low-Pass Filter",
      "files": [],
      "layout": "",
      "path": [],
      "type": "markdown",
      "content-file": ".guides/content/194  Low-Pass-Filter-d0aa.md",
      "chapter": false,
      "reset": [],
      "teacherOnly": false,
      "learningObjectives": ""
    },
    {
      "id": "62447830-09f7-4c4e-8d86-8783afbbb441",
      "title": "19.5  Thermal behavior of a wall",
      "files": [],
      "layout": "",
      "path": [],
      "type": "markdown",
      "content-file": ".guides/content/195  Thermal-behavior-of-a-wall-6244.md",
      "chapter": false,
      "reset": [],
      "teacherOnly": false,
      "learningObjectives": ""
    },
    {
      "id": "dac3b1ce-94f1-422f-ab6c-b66b91801f5c",
      "title": "",
      "files": [],
      "layout": "",
      "path": [],
      "type": "markdown",
      "content-file": ".guides/content/-dac3.md",
      "chapter": false,
      "reset": [],
      "teacherOnly": false,
      "learningObjectives": ""
    },
    {
      "id": "954f0f79-1415-4da1-b4ad-c75888c1399a",
      "title": "Chapter 20  Projectiles",
      "files": [],
      "layout": "",
      "path": [],
      "type": "markdown",
      "content-file": ".guides/content/Chapter 20  Projectiles-954f.md",
      "chapter": false,
      "reset": [],
      "teacherOnly": false,
      "learningObjectives": ""
    },
    {
      "id": "7094dadf-3d7a-4c21-a19a-b8542383102b",
      "title": "20.1  Newton's second law of motion",
      "files": [],
      "layout": "",
      "path": [],
      "type": "markdown",
      "content-file": ".guides/content/201  Newton's-second-law-of-motion-7094.md",
      "chapter": false,
      "reset": [],
      "teacherOnly": false,
      "learningObjectives": ""
    },
    {
      "id": "74717dbc-c221-43a9-a937-62d66c0423d3",
      "title": "20.2  Dropping pennies",
      "files": [],
      "layout": "",
      "path": [],
      "type": "markdown",
      "content-file": ".guides/content/202  Dropping-pennies-7471.md",
      "chapter": false,
      "reset": [],
      "teacherOnly": false,
      "learningObjectives": ""
    },
    {
      "id": "0db296e0-3c85-4a95-97a9-638e6e689ac4",
      "title": "20.3  Events",
      "files": [],
      "layout": "",
      "path": [],
      "type": "markdown",
      "content-file": ".guides/content/203  Events-0db2.md",
      "chapter": false,
      "reset": [],
      "teacherOnly": false,
      "learningObjectives": ""
    },
    {
      "id": "57462955-e6e1-4842-aeb8-74ea6185acf5",
      "title": "Chapter 21  Air resistance",
      "files": [],
      "layout": "",
      "path": [],
      "type": "markdown",
      "content-file": ".guides/content/Chapter 21  Air-resistance-5746.md",
      "chapter": false,
      "reset": [],
      "teacherOnly": false,
      "learningObjectives": ""
    },
    {
      "id": "d13be670-352e-41f3-8ce2-1d55ae94994e",
      "title": "21.1  Drag force",
      "files": [],
      "layout": "",
      "path": [],
      "type": "markdown",
      "content-file": ".guides/content/211  Drag-force-d13b.md",
      "chapter": false,
      "reset": [],
      "teacherOnly": false,
      "learningObjectives": ""
    },
    {
      "id": "748deaec-9b2a-4262-90ed-9e6b0bed6c12",
      "title": "21.2  Implementation",
      "files": [],
      "layout": "",
      "path": [],
      "type": "markdown",
      "content-file": ".guides/content/212  Implementation-748d.md",
      "chapter": false,
      "reset": [],
      "teacherOnly": false,
      "learningObjectives": ""
    },
    {
      "id": "e6ad75b0-b129-4b8f-8ec8-fd9cd7f45703",
      "title": "21.3  Bungee jumping",
      "files": [],
      "layout": "",
      "path": [],
      "type": "markdown",
      "content-file": ".guides/content/213  Bungee-jumping-e6ad.md",
      "chapter": false,
      "reset": [],
      "teacherOnly": false,
      "learningObjectives": ""
    },
    {
      "id": "deac210a-c0dc-447f-86c7-e164cf8d17ce",
      "title": "21.4  Getting acceleration",
      "files": [],
      "layout": "",
      "path": [],
      "type": "markdown",
      "content-file": ".guides/content/214  Getting-acceleration-deac.md",
      "chapter": false,
      "reset": [],
      "teacherOnly": false,
      "learningObjectives": ""
    },
    {
      "id": "841ccc99-57a9-4466-bc31-66edfb520452",
      "title": "Chapter 22  Projectiles in 2-D",
      "files": [],
      "layout": "",
      "path": [],
      "type": "markdown",
      "content-file": ".guides/content/Chapter 22  Projectiles-in-2-D-841c.md",
      "chapter": false,
      "reset": [],
      "teacherOnly": false,
      "learningObjectives": ""
    },
    {
      "id": "8910cd2f-f1da-403c-a52f-751d56c353b5",
      "title": "22.1  Baseball",
      "files": [],
      "layout": "",
      "path": [],
      "type": "markdown",
      "content-file": ".guides/content/221  Baseball-8910.md",
      "chapter": false,
      "reset": [],
      "teacherOnly": false,
      "learningObjectives": ""
    },
    {
      "id": "2301c0eb-226f-4dd6-a2b2-97b41be667c2",
      "title": "22.2  Vectors",
      "files": [],
      "layout": "",
      "path": [],
      "type": "markdown",
      "content-file": ".guides/content/222  Vectors-2301.md",
      "chapter": false,
      "reset": [],
      "teacherOnly": false,
      "learningObjectives": ""
    },
    {
      "id": "f2f056e3-26de-4b01-83d9-2859f8c6eb8f",
      "title": "22.3  Simulating baseball flight",
      "files": [],
      "layout": "",
      "path": [],
      "type": "markdown",
      "content-file": ".guides/content/223  Simulating-baseball-flight-f2f0.md",
      "chapter": false,
      "reset": [],
      "teacherOnly": false,
      "learningObjectives": ""
    },
    {
      "id": "5a3cff61-df3d-4c0b-9876-36163a92c733",
      "title": "22.4  Trajectories",
      "files": [],
      "layout": "",
      "path": [],
      "type": "markdown",
      "content-file": ".guides/content/224  Trajectories-5a3c.md",
      "chapter": false,
      "reset": [],
      "teacherOnly": false,
      "learningObjectives": ""
    },
    {
      "id": "859bdccc-c92a-41d1-b7a6-df18a262cf6f",
      "title": "",
      "files": [],
      "layout": "",
      "path": [],
      "type": "markdown",
      "content-file": ".guides/content/-859b.md",
      "chapter": false,
      "reset": [],
      "teacherOnly": false,
      "learningObjectives": ""
    },
    {
      "id": "9c2973dd-0540-4493-9b5d-e11e96a7ac54",
      "title": "Chapter 23  Optimization",
      "files": [],
      "layout": "",
      "path": [],
      "type": "markdown",
      "content-file": ".guides/content/Chapter 23  Optimization-9c29.md",
      "chapter": false,
      "reset": [],
      "teacherOnly": false,
      "learningObjectives": ""
    },
    {
      "id": "08d13d47-4b3c-45f5-87e0-1933f7da5fee",
      "title": "23.1  The Manny Ramirez problem",
      "files": [],
      "layout": "",
      "path": [],
      "type": "markdown",
      "content-file": ".guides/content/231  The-Manny-Ramirez-problem-08d1.md",
      "chapter": false,
      "reset": [],
      "teacherOnly": false,
      "learningObjectives": ""
    },
    {
      "id": "2b44f858-606c-4f53-88e2-5b0252bbbf24",
      "title": "23.2  Finding the range",
      "files": [],
      "layout": "",
      "path": [],
      "type": "markdown",
      "content-file": ".guides/content/232  Finding-the-range-2b44.md",
      "chapter": false,
      "reset": [],
      "teacherOnly": false,
      "learningObjectives": ""
    },
    {
      "id": "6d137259-b4c1-4a29-8712-fb41ce411c4e",
      "title": "23.3  Finishing off the problem",
      "files": [],
      "layout": "",
      "path": [],
      "type": "markdown",
      "content-file": ".guides/content/233  Finishing-off-the-problem-6d13.md",
      "chapter": false,
      "reset": [],
      "teacherOnly": false,
      "learningObjectives": ""
    },
    {
      "id": "92012822-c405-44bd-969c-dd1cf897c2cb",
      "title": "Chapter 24  Rotation",
      "files": [],
      "layout": "",
      "path": [],
      "type": "markdown",
      "content-file": ".guides/content/Chapter 24  Rotation-9201.md",
      "chapter": false,
      "reset": [],
      "teacherOnly": false,
      "learningObjectives": ""
    },
    {
      "id": "75815d82-5a7a-419a-8eb0-cb08a8196f1e",
      "title": "24.1  The physics of toilet paper",
      "files": [],
      "layout": "",
      "path": [],
      "type": "markdown",
      "content-file": ".guides/content/241  The-physics-of-toilet-paper-7581.md",
      "chapter": false,
      "reset": [],
      "teacherOnly": false,
      "learningObjectives": ""
    },
    {
      "id": "6feffb6a-34ed-410f-8a23-cf42491e2308",
      "title": "24.2  Implementation",
      "files": [],
      "layout": "",
      "path": [],
      "type": "markdown",
      "content-file": ".guides/content/242  Implementation-6fef.md",
      "chapter": false,
      "reset": [],
      "teacherOnly": false,
      "learningObjectives": ""
    },
    {
      "id": "267bd397-d890-4eaa-983c-d7d0f24c3943",
      "title": "24.3  Analysis",
      "files": [],
      "layout": "",
      "path": [],
      "type": "markdown",
      "content-file": ".guides/content/243  Analysis-267b.md",
      "chapter": false,
      "reset": [],
      "teacherOnly": false,
      "learningObjectives": ""
    },
    {
      "id": "e9dd2e01-0448-4a62-9b62-b45955e75a9d",
      "title": "Chapter 25  Torque",
      "files": [],
      "layout": "",
      "path": [],
      "type": "markdown",
      "content-file": ".guides/content/Chapter 25  Torque-e9dd.md",
      "chapter": false,
      "reset": [],
      "teacherOnly": false,
      "learningObjectives": ""
    },
    {
      "id": "459b24d8-adca-4c32-ad90-23cc686eb74a",
      "title": "25.1  Angular acceleration",
      "files": [],
      "layout": "",
      "path": [],
      "type": "markdown",
      "content-file": ".guides/content/251  Angular-acceleration-459b.md",
      "chapter": false,
      "reset": [],
      "teacherOnly": false,
      "learningObjectives": ""
    },
    {
      "id": "c1d5e84f-0f61-4fe5-975e-604c31f74a14",
      "title": "25.2  Moment of inertia",
      "files": [],
      "layout": "",
      "path": [],
      "type": "markdown",
      "content-file": ".guides/content/252  Moment-of-inertia-c1d5.md",
      "chapter": false,
      "reset": [],
      "teacherOnly": false,
      "learningObjectives": ""
    },
    {
      "id": "d566c139-53cd-42ec-ba74-d41166a8c3aa",
      "title": "25.3  Teapots and turntables",
      "files": [],
      "layout": "",
      "path": [],
      "type": "markdown",
      "content-file": ".guides/content/253  Teapots-and-turntables-d566.md",
      "chapter": false,
      "reset": [],
      "teacherOnly": false,
      "learningObjectives": ""
    },
    {
      "id": "c40f4878-16fb-48f6-bac1-0fdfe1476010",
      "title": "25.4  Estimating friction",
      "files": [],
      "layout": "",
      "path": [],
      "type": "markdown",
      "content-file": ".guides/content/254  Estimating-friction-c40f.md",
      "chapter": false,
      "reset": [],
      "teacherOnly": false,
      "learningObjectives": ""
    },
    {
      "id": "f5f7d836-89e4-4b9e-8975-237112a2ba87",
      "title": "",
      "files": [],
      "layout": "",
      "path": [],
      "type": "markdown",
      "content-file": ".guides/content/-f5f7.md",
      "chapter": false,
      "reset": [],
      "teacherOnly": false,
      "learningObjectives": ""
    },
    {
      "id": "d050e542-54c1-4f73-a5d4-4c18f514ae66",
      "title": "Chapter 26  Case studies",
      "files": [],
      "layout": "",
      "path": [],
      "type": "markdown",
      "content-file": ".guides/content/Chapter 26  Case-studies-d050.md",
      "chapter": false,
      "reset": [],
      "teacherOnly": false,
      "learningObjectives": ""
    },
    {
      "id": "a2c8f09e-f65e-4ab0-9fcb-972d2461d0de",
      "title": "26.1  Computational tools",
      "files": [],
      "layout": "",
      "path": [],
      "type": "markdown",
      "content-file": ".guides/content/261  Computational-tools-a2c8.md",
      "chapter": false,
      "reset": [],
      "teacherOnly": false,
      "learningObjectives": ""
    },
    {
      "id": "5eae9675-d1cf-4bdb-901f-13f10ed25d02",
      "title": "26.2  Under the hood",
      "files": [],
      "layout": "",
      "path": [],
      "type": "markdown",
      "content-file": ".guides/content/262  Under-the-hood-5eae.md",
      "chapter": false,
      "reset": [],
      "teacherOnly": false,
      "learningObjectives": ""
    },
    {
      "id": "64d80cae-3527-4fd5-a890-9b6d688a9a7a",
      "title": "26.3  Bungee dunk revisited",
      "files": [],
      "layout": "",
      "path": [],
      "type": "markdown",
      "content-file": ".guides/content/263  Bungee-dunk-revisited-64d8.md",
      "chapter": false,
      "reset": [],
      "teacherOnly": false,
      "learningObjectives": ""
    },
    {
      "id": "e4254eca-4e16-4444-870b-aa08bd7b8f6a",
      "title": "26.4  Spiderman",
      "files": [],
      "layout": "",
      "path": [],
      "type": "markdown",
      "content-file": ".guides/content/264  Spiderman-e425.md",
      "chapter": false,
      "reset": [],
      "teacherOnly": false,
      "learningObjectives": ""
    },
    {
      "id": "35db5b83-b09e-473d-a5e5-d9a5a1a22f6a",
      "title": "26.5  Kittens",
      "files": [],
      "layout": "",
      "path": [],
      "type": "markdown",
      "content-file": ".guides/content/265  Kittens-35db.md",
      "chapter": false,
      "reset": [],
      "teacherOnly": false,
      "learningObjectives": ""
    },
    {
      "id": "9cbc2ce2-ad11-4b5a-b4e8-2186604e4071",
      "title": "26.6  Simulating a yo-yo",
      "files": [],
      "layout": "",
      "path": [],
      "type": "markdown",
      "content-file": ".guides/content/266  Simulating-a-yo-yo-9cbc.md",
      "chapter": false,
      "reset": [],
      "teacherOnly": false,
      "learningObjectives": ""
    },
    {
      "id": "9804a1a7-3043-41fc-a658-6551b9f924ff",
      "title": "",
      "files": [],
      "layout": "",
      "path": [],
      "type": "markdown",
      "content-file": ".guides/content/-9804.md",
      "chapter": false,
      "reset": [],
      "teacherOnly": false,
      "learningObjectives": ""
    },
    {
      "id": "5218ce69-58ed-46be-9029-4d7b3d681c50",
      "title": "Index",
      "files": [],
      "layout": "",
      "path": [],
      "type": "markdown",
      "content-file": ".guides/content/Index-5218.md",
      "chapter": false,
      "reset": [],
      "teacherOnly": false,
      "learningObjectives": ""
    },
    {
      "id": "092c4ceb-d0bc-499c-9641-050b36664e4c",
      "title": "Are you using one of our books in a class?",
      "files": [],
      "layout": "",
      "path": [],
      "type": "markdown",
      "content-file": ".guides/content/Are-you-using-one-of-our-books-in-a-class-092c.md",
      "chapter": false,
      "reset": [],
      "teacherOnly": false,
      "learningObjectives": ""
    }
  ],
  "theme": "light",
  "scripts": [],
  "lexikonTopic": "CyberSecurity",
  "suppressPageNumbering": true,
  "hideMenu": true,
  "allowGuideClose": false
}